Image_Name,Prediction
95167c07b6,160.3000030517578
b8592c19e3,186.10000610351562
ae0656b05d,187.0
f69b3a52a0,132.3000030517578
f6985da989,239.89999389648438
f2ac320e21,208.5
b40b58cf34,138.8000030517578
51554762ee,215.10000610351562
90104e3951,172.39999389648438
151ea4c19b,128.89999389648438
f24f9692aa,186.89999389648438
d9e7721c9d,152.6999969482422
f977f5e2a9,159.1999969482422
35cd6dfc06,216.89999389648438
