Image_Name,Prediction
0afc4cd71f,179.8000030517578
02366e76eb,174.10000610351562
fe8b41a6c8,158.60000610351562
8e1d52d735,171.3000030517578
19b3b890bc,180.89999389648438
aecc7fd81d,151.6999969482422
65758da55b,132.60000610351562
b53a958768,189.10000610351562
8015029c4e,183.0
1f5cc97a03,187.89999389648438
944581d5dd,162.89999389648438
f92f88bf1a,153.89999389648438
ce02602b8e,178.8000030517578
beb9113d51,136.39999389648438
