Image_Name,Prediction
0afc4cd71f,185.5
02366e76eb,165.8000030517578
fe8b41a6c8,160.1999969482422
8e1d52d735,173.1999969482422
19b3b890bc,193.3000030517578
aecc7fd81d,152.60000610351562
65758da55b,134.5
b53a958768,194.0
8015029c4e,183.60000610351562
1f5cc97a03,187.8000030517578
944581d5dd,163.6999969482422
f92f88bf1a,159.39999389648438
ce02602b8e,183.6999969482422
beb9113d51,141.0
