Image_Name,Prediction
0afc4cd71f,176.6999969482422
02366e76eb,163.6999969482422
fe8b41a6c8,155.1999969482422
8e1d52d735,172.8000030517578
19b3b890bc,190.1999969482422
aecc7fd81d,149.10000610351562
65758da55b,134.10000610351562
b53a958768,185.89999389648438
8015029c4e,183.1999969482422
1f5cc97a03,187.1999969482422
944581d5dd,163.10000610351562
f92f88bf1a,157.60000610351562
ce02602b8e,181.1999969482422
beb9113d51,136.60000610351562
