Image_Name,Prediction
cbec53fd60,190.5
bf0da372b5,155.1999969482422
e93c99450e,176.3000030517578
457a40e5ce,161.3000030517578
59e5c814db,216.89999389648438
c9e582a25e,182.3000030517578
cfd39cfe7b,195.0
f83027cf77,197.1999969482422
7b7974e2e2,198.8000030517578
8a99e3e1a7,195.89999389648438
678b1ac6a9,187.8000030517578
b6bc382c51,118.0999984741211
055ad1dde1,174.3000030517578
d34d59ec3f,228.0
