Image_Name,Prediction
ceed3f2b6d,182.5
123dc24d89,227.8000030517578
fcd5204747,203.39999389648438
b599f11ab8,210.3000030517578
a677737911,147.5
2b132249a5,186.39999389648438
96f2786312,177.10000610351562
b9cc7739a0,198.6999969482422
613e56a68c,191.8000030517578
542ffc5f82,125.0999984741211
32c1aa1bcd,170.60000610351562
a9e89f64fa,170.1999969482422
dc241c8642,132.8000030517578
8c65178993,165.1999969482422
