Image_Name,Prediction
95167c07b6,158.10000610351562
b8592c19e3,189.39999389648438
ae0656b05d,181.39999389648438
f69b3a52a0,129.89999389648438
f6985da989,218.5
f2ac320e21,211.0
b40b58cf34,142.5
51554762ee,211.60000610351562
90104e3951,176.60000610351562
151ea4c19b,131.10000610351562
f24f9692aa,183.10000610351562
d9e7721c9d,152.1999969482422
f977f5e2a9,158.0
35cd6dfc06,213.89999389648438
