Image_Name,Prediction
95167c07b6,159.5
b8592c19e3,188.10000610351562
ae0656b05d,183.1999969482422
f69b3a52a0,133.6999969482422
f6985da989,232.60000610351562
f2ac320e21,212.0
b40b58cf34,137.1999969482422
51554762ee,209.0
90104e3951,176.0
151ea4c19b,127.0999984741211
f24f9692aa,186.6999969482422
d9e7721c9d,155.8000030517578
f977f5e2a9,158.89999389648438
35cd6dfc06,217.6999969482422
