Image_Name,Prediction
0afc4cd71f,175.10000610351562
02366e76eb,170.0
fe8b41a6c8,154.10000610351562
8e1d52d735,169.6999969482422
19b3b890bc,196.0
aecc7fd81d,150.39999389648438
65758da55b,135.3000030517578
b53a958768,187.1999969482422
8015029c4e,183.0
1f5cc97a03,186.60000610351562
944581d5dd,160.0
f92f88bf1a,154.10000610351562
ce02602b8e,178.10000610351562
beb9113d51,141.6999969482422
