Image_Name,Prediction
95167c07b6,159.6999969482422
b8592c19e3,187.5
ae0656b05d,183.8000030517578
f69b3a52a0,135.0
f6985da989,231.10000610351562
f2ac320e21,205.10000610351562
b40b58cf34,139.60000610351562
51554762ee,210.3000030517578
90104e3951,179.1999969482422
151ea4c19b,130.0
f24f9692aa,175.1999969482422
d9e7721c9d,157.6999969482422
f977f5e2a9,161.1999969482422
35cd6dfc06,231.10000610351562
