Image_Name,Prediction
cbec53fd60,186.39999389648438
bf0da372b5,162.3000030517578
e93c99450e,179.8000030517578
457a40e5ce,161.6999969482422
59e5c814db,223.10000610351562
c9e582a25e,183.60000610351562
cfd39cfe7b,193.6999969482422
f83027cf77,196.1999969482422
7b7974e2e2,200.8000030517578
8a99e3e1a7,216.0
678b1ac6a9,187.0
b6bc382c51,117.80000305175781
055ad1dde1,169.1999969482422
d34d59ec3f,231.0
