Image_Name,Prediction
ceed3f2b6d,182.8000030517578
123dc24d89,224.60000610351562
fcd5204747,205.60000610351562
b599f11ab8,215.39999389648438
a677737911,145.1999969482422
2b132249a5,187.89999389648438
96f2786312,182.6999969482422
b9cc7739a0,200.60000610351562
613e56a68c,194.3000030517578
542ffc5f82,125.9000015258789
32c1aa1bcd,166.6999969482422
a9e89f64fa,165.3000030517578
dc241c8642,133.8000030517578
8c65178993,165.6999969482422
