Image_Name,Prediction
81e9507bf4,181.1999969482422
0f3e346603,168.10000610351562
ff81c2c12a,176.89999389648438
ec23a741c3,224.1999969482422
15c4c27cdf,190.5
af22b9f128,232.39999389648438
e33f6ea0b3,160.3000030517578
9d207674fb,143.5
9c07a27b1c,219.1999969482422
25f200010c,189.3000030517578
adad19010f,162.1999969482422
9ac8d38126,261.0
ec41d29153,141.10000610351562
ed7304d4a2,182.89999389648438
