Image_Name,Prediction
81e9507bf4,186.89999389648438
0f3e346603,165.39999389648438
ff81c2c12a,181.0
ec23a741c3,222.10000610351562
15c4c27cdf,187.5
af22b9f128,231.6999969482422
e33f6ea0b3,158.60000610351562
9d207674fb,138.3000030517578
9c07a27b1c,212.8000030517578
25f200010c,186.10000610351562
adad19010f,165.0
9ac8d38126,261.1000061035156
ec41d29153,149.89999389648438
ed7304d4a2,184.60000610351562
