Image_Name,Prediction
cbec53fd60,191.0
bf0da372b5,154.10000610351562
e93c99450e,175.6999969482422
457a40e5ce,155.60000610351562
59e5c814db,217.3000030517578
c9e582a25e,185.60000610351562
cfd39cfe7b,196.39999389648438
f83027cf77,200.1999969482422
7b7974e2e2,198.1999969482422
8a99e3e1a7,201.8000030517578
678b1ac6a9,186.1999969482422
b6bc382c51,121.80000305175781
055ad1dde1,173.60000610351562
d34d59ec3f,225.5
