Image_Name,Prediction
95167c07b6,157.0
b8592c19e3,187.6999969482422
ae0656b05d,184.10000610351562
f69b3a52a0,136.3000030517578
f6985da989,226.60000610351562
f2ac320e21,211.10000610351562
b40b58cf34,136.6999969482422
51554762ee,216.60000610351562
90104e3951,175.89999389648438
151ea4c19b,131.8000030517578
f24f9692aa,192.60000610351562
d9e7721c9d,148.10000610351562
f977f5e2a9,161.39999389648438
35cd6dfc06,229.8000030517578
