Image_Name,Prediction
0afc4cd71f,186.39999389648438
02366e76eb,171.10000610351562
fe8b41a6c8,164.60000610351562
8e1d52d735,176.10000610351562
19b3b890bc,191.5
aecc7fd81d,152.39999389648438
65758da55b,135.1999969482422
b53a958768,188.10000610351562
8015029c4e,179.0
1f5cc97a03,186.0
944581d5dd,162.1999969482422
f92f88bf1a,155.0
ce02602b8e,178.60000610351562
beb9113d51,138.8000030517578
