Image_Name,Prediction
81e9507bf4,187.89999389648438
0f3e346603,164.8000030517578
ff81c2c12a,178.89999389648438
ec23a741c3,207.6999969482422
15c4c27cdf,192.10000610351562
af22b9f128,228.3000030517578
e33f6ea0b3,152.8000030517578
9d207674fb,148.6999969482422
9c07a27b1c,216.89999389648438
25f200010c,183.5
adad19010f,164.3000030517578
9ac8d38126,253.5
ec41d29153,156.10000610351562
ed7304d4a2,180.6999969482422
