Image_Name,Prediction
81e9507bf4,178.6999969482422
0f3e346603,165.39999389648438
ff81c2c12a,176.5
ec23a741c3,220.6999969482422
15c4c27cdf,188.39999389648438
af22b9f128,232.10000610351562
e33f6ea0b3,157.6999969482422
9d207674fb,141.1999969482422
9c07a27b1c,210.60000610351562
25f200010c,182.6999969482422
adad19010f,164.60000610351562
9ac8d38126,265.29998779296875
ec41d29153,147.1999969482422
ed7304d4a2,182.1999969482422
