Image_Name,Prediction
95167c07b6,160.1999969482422
b8592c19e3,187.8000030517578
ae0656b05d,186.5
f69b3a52a0,134.3000030517578
f6985da989,221.60000610351562
f2ac320e21,207.3000030517578
b40b58cf34,139.5
51554762ee,213.89999389648438
90104e3951,175.3000030517578
151ea4c19b,131.6999969482422
f24f9692aa,186.3000030517578
d9e7721c9d,148.3000030517578
f977f5e2a9,158.39999389648438
35cd6dfc06,218.5
