Image_Name,Prediction
95167c07b6,158.3000030517578
b8592c19e3,186.39999389648438
ae0656b05d,187.3000030517578
f69b3a52a0,137.10000610351562
f6985da989,219.10000610351562
f2ac320e21,206.1999969482422
b40b58cf34,138.3000030517578
51554762ee,208.3000030517578
90104e3951,175.39999389648438
151ea4c19b,126.5999984741211
f24f9692aa,189.10000610351562
d9e7721c9d,154.0
f977f5e2a9,161.0
35cd6dfc06,213.10000610351562
