Image_Name,Prediction
ceed3f2b6d,181.89999389648438
123dc24d89,223.39999389648438
fcd5204747,207.39999389648438
b599f11ab8,216.10000610351562
a677737911,147.1999969482422
2b132249a5,183.1999969482422
96f2786312,180.8000030517578
b9cc7739a0,199.3000030517578
613e56a68c,191.39999389648438
542ffc5f82,125.69999694824219
32c1aa1bcd,175.0
a9e89f64fa,167.3000030517578
dc241c8642,133.0
8c65178993,164.60000610351562
