Image_Name,Prediction
81e9507bf4,183.60000610351562
0f3e346603,175.3000030517578
ff81c2c12a,174.0
ec23a741c3,214.6999969482422
15c4c27cdf,190.39999389648438
af22b9f128,233.3000030517578
e33f6ea0b3,158.5
9d207674fb,147.1999969482422
9c07a27b1c,220.3000030517578
25f200010c,194.10000610351562
adad19010f,164.60000610351562
9ac8d38126,265.5
ec41d29153,151.1999969482422
ed7304d4a2,177.5
