Image_Name,Prediction
ceed3f2b6d,179.8000030517578
123dc24d89,231.60000610351562
fcd5204747,205.60000610351562
b599f11ab8,213.89999389648438
a677737911,147.39999389648438
2b132249a5,179.89999389648438
96f2786312,178.60000610351562
b9cc7739a0,202.89999389648438
613e56a68c,192.39999389648438
542ffc5f82,131.3000030517578
32c1aa1bcd,172.1999969482422
a9e89f64fa,167.10000610351562
dc241c8642,133.5
8c65178993,164.1999969482422
