Image_Name,Prediction
95167c07b6,161.0
b8592c19e3,188.8000030517578
ae0656b05d,180.3000030517578
f69b3a52a0,136.39999389648438
f6985da989,221.0
f2ac320e21,209.60000610351562
b40b58cf34,141.1999969482422
51554762ee,214.60000610351562
90104e3951,173.60000610351562
151ea4c19b,129.8000030517578
f24f9692aa,180.39999389648438
d9e7721c9d,153.39999389648438
f977f5e2a9,157.6999969482422
35cd6dfc06,221.0
