Image_Name,Prediction
95167c07b6,160.3000030517578
b8592c19e3,186.6999969482422
ae0656b05d,183.1999969482422
f69b3a52a0,135.3000030517578
f6985da989,217.6999969482422
f2ac320e21,212.0
b40b58cf34,139.8000030517578
51554762ee,212.1999969482422
90104e3951,175.10000610351562
151ea4c19b,132.39999389648438
f24f9692aa,183.5
d9e7721c9d,148.89999389648438
f977f5e2a9,158.8000030517578
35cd6dfc06,216.6999969482422
