Image_Name,Prediction
81e9507bf4,182.60000610351562
0f3e346603,161.6999969482422
ff81c2c12a,177.8000030517578
ec23a741c3,213.8000030517578
15c4c27cdf,194.89999389648438
af22b9f128,225.8000030517578
e33f6ea0b3,162.3000030517578
9d207674fb,144.1999969482422
9c07a27b1c,215.89999389648438
25f200010c,186.3000030517578
adad19010f,169.5
9ac8d38126,259.6000061035156
ec41d29153,150.10000610351562
ed7304d4a2,182.39999389648438
