Image_Name,Prediction
0afc4cd71f,173.60000610351562
02366e76eb,179.10000610351562
fe8b41a6c8,171.89999389648438
8e1d52d735,176.8000030517578
19b3b890bc,190.6999969482422
aecc7fd81d,154.1999969482422
65758da55b,140.8000030517578
b53a958768,191.60000610351562
8015029c4e,184.1999969482422
1f5cc97a03,188.3000030517578
944581d5dd,155.60000610351562
f92f88bf1a,151.89999389648438
ce02602b8e,172.3000030517578
beb9113d51,134.3000030517578
