Image_Name,Prediction
95167c07b6,158.1999969482422
b8592c19e3,186.89999389648438
ae0656b05d,181.39999389648438
f69b3a52a0,137.1999969482422
f6985da989,227.6999969482422
f2ac320e21,208.6999969482422
b40b58cf34,136.60000610351562
51554762ee,213.5
90104e3951,173.8000030517578
151ea4c19b,130.10000610351562
f24f9692aa,184.0
d9e7721c9d,149.6999969482422
f977f5e2a9,157.8000030517578
35cd6dfc06,217.6999969482422
