Image_Name,Prediction
cbec53fd60,188.3000030517578
bf0da372b5,162.5
e93c99450e,177.60000610351562
457a40e5ce,159.0
59e5c814db,220.89999389648438
c9e582a25e,186.3000030517578
cfd39cfe7b,187.89999389648438
f83027cf77,188.39999389648438
7b7974e2e2,199.1999969482422
8a99e3e1a7,212.0
678b1ac6a9,189.0
b6bc382c51,122.0999984741211
055ad1dde1,170.6999969482422
d34d59ec3f,220.6999969482422
