Image_Name,Prediction
81e9507bf4,181.6999969482422
0f3e346603,164.8000030517578
ff81c2c12a,171.5
ec23a741c3,212.60000610351562
15c4c27cdf,195.39999389648438
af22b9f128,231.0
e33f6ea0b3,156.6999969482422
9d207674fb,140.89999389648438
9c07a27b1c,216.6999969482422
25f200010c,192.3000030517578
adad19010f,162.3000030517578
9ac8d38126,255.1999969482422
ec41d29153,153.0
ed7304d4a2,179.89999389648438
