Image_Name,Prediction
81e9507bf4,186.39999389648438
0f3e346603,164.10000610351562
ff81c2c12a,175.89999389648438
ec23a741c3,224.60000610351562
15c4c27cdf,193.1999969482422
af22b9f128,228.3000030517578
e33f6ea0b3,152.3000030517578
9d207674fb,140.0
9c07a27b1c,218.5
25f200010c,192.1999969482422
adad19010f,168.8000030517578
9ac8d38126,260.1000061035156
ec41d29153,144.89999389648438
ed7304d4a2,179.3000030517578
