Image_Name,Prediction
95167c07b6,157.0
b8592c19e3,188.1999969482422
ae0656b05d,178.8000030517578
f69b3a52a0,133.6999969482422
f6985da989,215.0
f2ac320e21,209.60000610351562
b40b58cf34,141.60000610351562
51554762ee,212.89999389648438
90104e3951,176.39999389648438
151ea4c19b,127.19999694824219
f24f9692aa,188.1999969482422
d9e7721c9d,150.8000030517578
f977f5e2a9,160.39999389648438
35cd6dfc06,217.0
