Image_Name,Prediction
95167c07b6,157.1999969482422
b8592c19e3,187.39999389648438
ae0656b05d,183.89999389648438
f69b3a52a0,137.1999969482422
f6985da989,224.6999969482422
f2ac320e21,208.60000610351562
b40b58cf34,139.60000610351562
51554762ee,209.5
90104e3951,171.5
151ea4c19b,126.69999694824219
f24f9692aa,190.5
d9e7721c9d,153.39999389648438
f977f5e2a9,158.60000610351562
35cd6dfc06,233.39999389648438
