Image_Name,Prediction
cbec53fd60,195.10000610351562
bf0da372b5,154.1999969482422
e93c99450e,177.60000610351562
457a40e5ce,154.89999389648438
59e5c814db,221.10000610351562
c9e582a25e,182.0
cfd39cfe7b,192.10000610351562
f83027cf77,192.39999389648438
7b7974e2e2,196.3000030517578
8a99e3e1a7,209.1999969482422
678b1ac6a9,186.89999389648438
b6bc382c51,121.69999694824219
055ad1dde1,170.39999389648438
d34d59ec3f,223.89999389648438
