Image_Name,Prediction
cbec53fd60,191.8000030517578
bf0da372b5,165.39999389648438
e93c99450e,180.1999969482422
457a40e5ce,162.89999389648438
59e5c814db,225.10000610351562
c9e582a25e,180.39999389648438
cfd39cfe7b,193.10000610351562
f83027cf77,195.39999389648438
7b7974e2e2,199.5
8a99e3e1a7,207.3000030517578
678b1ac6a9,188.39999389648438
b6bc382c51,115.80000305175781
055ad1dde1,173.6999969482422
d34d59ec3f,230.6999969482422
