Image_Name,Prediction
81e9507bf4,191.0
0f3e346603,168.10000610351562
ff81c2c12a,179.3000030517578
ec23a741c3,225.3000030517578
15c4c27cdf,189.39999389648438
af22b9f128,230.1999969482422
e33f6ea0b3,157.0
9d207674fb,140.3000030517578
9c07a27b1c,212.1999969482422
25f200010c,190.0
adad19010f,164.5
9ac8d38126,265.8999938964844
ec41d29153,147.60000610351562
ed7304d4a2,190.0
