Image_Name,Prediction
0afc4cd71f,177.10000610351562
02366e76eb,181.3000030517578
fe8b41a6c8,168.60000610351562
8e1d52d735,177.39999389648438
19b3b890bc,194.1999969482422
aecc7fd81d,156.3000030517578
65758da55b,139.60000610351562
b53a958768,192.3000030517578
8015029c4e,188.39999389648438
1f5cc97a03,186.8000030517578
944581d5dd,154.5
f92f88bf1a,149.6999969482422
ce02602b8e,176.89999389648438
beb9113d51,132.5
