Image_Name,Prediction
81e9507bf4,187.6999969482422
0f3e346603,164.39999389648438
ff81c2c12a,176.0
ec23a741c3,224.1999969482422
15c4c27cdf,195.0
af22b9f128,227.8000030517578
e33f6ea0b3,156.0
9d207674fb,146.3000030517578
9c07a27b1c,210.89999389648438
25f200010c,189.1999969482422
adad19010f,167.39999389648438
9ac8d38126,262.3999938964844
ec41d29153,150.3000030517578
ed7304d4a2,178.5
