Image_Name,Prediction
ceed3f2b6d,178.6999969482422
123dc24d89,225.39999389648438
fcd5204747,205.39999389648438
b599f11ab8,209.0
a677737911,143.8000030517578
2b132249a5,180.10000610351562
96f2786312,172.89999389648438
b9cc7739a0,200.10000610351562
613e56a68c,194.0
542ffc5f82,123.9000015258789
32c1aa1bcd,170.89999389648438
a9e89f64fa,166.3000030517578
dc241c8642,133.89999389648438
8c65178993,165.39999389648438
