Image_Name,Prediction
0afc4cd71f,175.39999389648438
02366e76eb,179.8000030517578
fe8b41a6c8,167.0
8e1d52d735,173.0
19b3b890bc,190.5
aecc7fd81d,153.3000030517578
65758da55b,141.8000030517578
b53a958768,189.1999969482422
8015029c4e,182.8000030517578
1f5cc97a03,189.1999969482422
944581d5dd,152.8000030517578
f92f88bf1a,148.10000610351562
ce02602b8e,180.5
beb9113d51,136.1999969482422
