Image_Name,Prediction
ceed3f2b6d,188.1999969482422
123dc24d89,226.60000610351562
fcd5204747,208.1999969482422
b599f11ab8,216.8000030517578
a677737911,145.10000610351562
2b132249a5,188.1999969482422
96f2786312,179.60000610351562
b9cc7739a0,199.1999969482422
613e56a68c,191.3000030517578
542ffc5f82,126.5
32c1aa1bcd,167.6999969482422
a9e89f64fa,166.89999389648438
dc241c8642,132.8000030517578
8c65178993,165.5
