Image_Name,Prediction
95167c07b6,159.0
b8592c19e3,187.60000610351562
ae0656b05d,181.1999969482422
f69b3a52a0,130.3000030517578
f6985da989,224.5
f2ac320e21,205.5
b40b58cf34,137.5
51554762ee,218.3000030517578
90104e3951,178.10000610351562
151ea4c19b,131.0
f24f9692aa,183.1999969482422
d9e7721c9d,151.0
f977f5e2a9,158.6999969482422
35cd6dfc06,221.89999389648438
