Image_Name,Prediction
cbec53fd60,187.0
bf0da372b5,159.3000030517578
e93c99450e,176.8000030517578
457a40e5ce,159.3000030517578
59e5c814db,222.8000030517578
c9e582a25e,185.8000030517578
cfd39cfe7b,196.0
f83027cf77,196.3000030517578
7b7974e2e2,195.6999969482422
8a99e3e1a7,208.1999969482422
678b1ac6a9,187.8000030517578
b6bc382c51,121.30000305175781
055ad1dde1,170.0
d34d59ec3f,229.39999389648438
