Image_Name,Prediction
cbec53fd60,193.0
bf0da372b5,154.0
e93c99450e,178.89999389648438
457a40e5ce,159.89999389648438
59e5c814db,223.1999969482422
c9e582a25e,183.8000030517578
cfd39cfe7b,194.5
f83027cf77,195.3000030517578
7b7974e2e2,196.10000610351562
8a99e3e1a7,206.3000030517578
678b1ac6a9,185.1999969482422
b6bc382c51,126.0
055ad1dde1,177.3000030517578
d34d59ec3f,224.89999389648438
