Image_Name,Prediction
0afc4cd71f,178.39999389648438
02366e76eb,178.5
fe8b41a6c8,168.89999389648438
8e1d52d735,178.60000610351562
19b3b890bc,184.3000030517578
aecc7fd81d,154.89999389648438
65758da55b,134.6999969482422
b53a958768,197.1999969482422
8015029c4e,171.0
1f5cc97a03,188.8000030517578
944581d5dd,153.10000610351562
f92f88bf1a,148.89999389648438
ce02602b8e,176.1999969482422
beb9113d51,136.8000030517578
