Image_Name,Prediction
0afc4cd71f,182.3000030517578
02366e76eb,166.0
fe8b41a6c8,161.6999969482422
8e1d52d735,170.60000610351562
19b3b890bc,185.60000610351562
aecc7fd81d,155.5
65758da55b,134.39999389648438
b53a958768,185.6999969482422
8015029c4e,184.3000030517578
1f5cc97a03,185.5
944581d5dd,162.60000610351562
f92f88bf1a,153.10000610351562
ce02602b8e,187.5
beb9113d51,139.8000030517578
