Image_Name,Prediction
cbec53fd60,185.6999969482422
bf0da372b5,161.39999389648438
e93c99450e,183.10000610351562
457a40e5ce,168.60000610351562
59e5c814db,225.8000030517578
c9e582a25e,187.1999969482422
cfd39cfe7b,194.89999389648438
f83027cf77,192.5
7b7974e2e2,195.6999969482422
8a99e3e1a7,208.89999389648438
678b1ac6a9,189.0
b6bc382c51,117.0
055ad1dde1,171.0
d34d59ec3f,228.10000610351562
