Image_Name,Prediction
81e9507bf4,181.8000030517578
0f3e346603,165.6999969482422
ff81c2c12a,168.8000030517578
ec23a741c3,216.89999389648438
15c4c27cdf,188.89999389648438
af22b9f128,233.6999969482422
e33f6ea0b3,159.39999389648438
9d207674fb,143.0
9c07a27b1c,209.89999389648438
25f200010c,187.5
adad19010f,161.1999969482422
9ac8d38126,262.5
ec41d29153,142.10000610351562
ed7304d4a2,187.0
