Image_Name,Prediction
cbec53fd60,183.60000610351562
bf0da372b5,149.5
e93c99450e,174.60000610351562
457a40e5ce,154.6999969482422
59e5c814db,220.60000610351562
c9e582a25e,182.5
cfd39cfe7b,195.39999389648438
f83027cf77,194.3000030517578
7b7974e2e2,199.89999389648438
8a99e3e1a7,202.8000030517578
678b1ac6a9,188.60000610351562
b6bc382c51,118.4000015258789
055ad1dde1,176.6999969482422
d34d59ec3f,222.6999969482422
