Image_Name,Prediction
95167c07b6,159.39999389648438
b8592c19e3,192.60000610351562
ae0656b05d,183.3000030517578
f69b3a52a0,136.89999389648438
f6985da989,225.3000030517578
f2ac320e21,208.5
b40b58cf34,144.5
51554762ee,213.89999389648438
90104e3951,175.60000610351562
151ea4c19b,130.5
f24f9692aa,180.3000030517578
d9e7721c9d,161.6999969482422
f977f5e2a9,160.1999969482422
35cd6dfc06,213.89999389648438
