Image_Name,Prediction
81e9507bf4,184.10000610351562
0f3e346603,163.10000610351562
ff81c2c12a,178.60000610351562
ec23a741c3,216.1999969482422
15c4c27cdf,191.60000610351562
af22b9f128,224.3000030517578
e33f6ea0b3,157.1999969482422
9d207674fb,147.39999389648438
9c07a27b1c,213.39999389648438
25f200010c,190.0
adad19010f,164.39999389648438
9ac8d38126,261.3999938964844
ec41d29153,150.8000030517578
ed7304d4a2,180.1999969482422
