Image_Name,Prediction
81e9507bf4,179.10000610351562
0f3e346603,168.1999969482422
ff81c2c12a,173.8000030517578
ec23a741c3,217.6999969482422
15c4c27cdf,189.5
af22b9f128,233.39999389648438
e33f6ea0b3,156.0
9d207674fb,141.1999969482422
9c07a27b1c,219.60000610351562
25f200010c,185.89999389648438
adad19010f,167.5
9ac8d38126,267.70001220703125
ec41d29153,143.0
ed7304d4a2,176.6999969482422
