Image_Name,Prediction
81e9507bf4,182.5
0f3e346603,165.6999969482422
ff81c2c12a,180.39999389648438
ec23a741c3,214.10000610351562
15c4c27cdf,196.39999389648438
af22b9f128,228.6999969482422
e33f6ea0b3,156.8000030517578
9d207674fb,141.60000610351562
9c07a27b1c,211.3000030517578
25f200010c,187.39999389648438
adad19010f,166.39999389648438
9ac8d38126,260.1000061035156
ec41d29153,150.5
ed7304d4a2,175.39999389648438
