Image_Name,Prediction
ceed3f2b6d,180.60000610351562
123dc24d89,226.8000030517578
fcd5204747,207.8000030517578
b599f11ab8,210.5
a677737911,145.60000610351562
2b132249a5,188.0
96f2786312,179.89999389648438
b9cc7739a0,200.89999389648438
613e56a68c,187.6999969482422
542ffc5f82,128.8000030517578
32c1aa1bcd,172.3000030517578
a9e89f64fa,164.39999389648438
dc241c8642,132.1999969482422
8c65178993,164.5
