Image_Name,Prediction
cbec53fd60,184.89999389648438
bf0da372b5,156.8000030517578
e93c99450e,181.3000030517578
457a40e5ce,156.60000610351562
59e5c814db,222.5
c9e582a25e,183.39999389648438
cfd39cfe7b,199.0
f83027cf77,196.3000030517578
7b7974e2e2,201.0
8a99e3e1a7,206.1999969482422
678b1ac6a9,194.6999969482422
b6bc382c51,120.0
055ad1dde1,174.10000610351562
d34d59ec3f,226.39999389648438
