Image_Name,Prediction
ceed3f2b6d,179.10000610351562
123dc24d89,226.1999969482422
fcd5204747,204.8000030517578
b599f11ab8,215.60000610351562
a677737911,145.3000030517578
2b132249a5,187.10000610351562
96f2786312,179.10000610351562
b9cc7739a0,204.0
613e56a68c,191.6999969482422
542ffc5f82,124.69999694824219
32c1aa1bcd,174.6999969482422
a9e89f64fa,170.10000610351562
dc241c8642,133.6999969482422
8c65178993,166.60000610351562
