Image_Name,Prediction
0afc4cd71f,178.0
02366e76eb,176.3000030517578
fe8b41a6c8,169.8000030517578
8e1d52d735,175.3000030517578
19b3b890bc,194.0
aecc7fd81d,152.1999969482422
65758da55b,141.5
b53a958768,191.0
8015029c4e,182.6999969482422
1f5cc97a03,184.5
944581d5dd,159.10000610351562
f92f88bf1a,150.0
ce02602b8e,179.10000610351562
beb9113d51,134.1999969482422
