Image_Name,Prediction
cbec53fd60,188.6999969482422
bf0da372b5,157.0
e93c99450e,173.6999969482422
457a40e5ce,157.5
59e5c814db,221.39999389648438
c9e582a25e,184.1999969482422
cfd39cfe7b,196.6999969482422
f83027cf77,198.60000610351562
7b7974e2e2,198.6999969482422
8a99e3e1a7,200.39999389648438
678b1ac6a9,184.39999389648438
b6bc382c51,123.5999984741211
055ad1dde1,177.5
d34d59ec3f,218.89999389648438
