Image_Name,Prediction
ceed3f2b6d,182.10000610351562
123dc24d89,230.39999389648438
fcd5204747,205.8000030517578
b599f11ab8,213.3000030517578
a677737911,145.5
2b132249a5,186.60000610351562
96f2786312,180.3000030517578
b9cc7739a0,199.89999389648438
613e56a68c,187.10000610351562
542ffc5f82,123.0
32c1aa1bcd,170.0
a9e89f64fa,169.6999969482422
dc241c8642,135.0
8c65178993,169.1999969482422
