Image_Name,Prediction
ceed3f2b6d,180.0
123dc24d89,229.0
fcd5204747,205.8000030517578
b599f11ab8,212.3000030517578
a677737911,149.5
2b132249a5,186.5
96f2786312,177.5
b9cc7739a0,200.0
613e56a68c,190.1999969482422
542ffc5f82,126.69999694824219
32c1aa1bcd,174.3000030517578
a9e89f64fa,167.8000030517578
dc241c8642,135.1999969482422
8c65178993,164.39999389648438
