Image_Name,Prediction
ceed3f2b6d,179.89999389648438
123dc24d89,222.0
fcd5204747,203.10000610351562
b599f11ab8,207.5
a677737911,143.10000610351562
2b132249a5,191.10000610351562
96f2786312,179.1999969482422
b9cc7739a0,200.5
613e56a68c,192.6999969482422
542ffc5f82,127.69999694824219
32c1aa1bcd,172.39999389648438
a9e89f64fa,168.8000030517578
dc241c8642,141.39999389648438
8c65178993,165.5
