Image_Name,Prediction
0afc4cd71f,173.6999969482422
02366e76eb,186.1999969482422
fe8b41a6c8,171.0
8e1d52d735,177.39999389648438
19b3b890bc,189.0
aecc7fd81d,153.60000610351562
65758da55b,139.0
b53a958768,193.39999389648438
8015029c4e,185.89999389648438
1f5cc97a03,183.6999969482422
944581d5dd,155.5
f92f88bf1a,149.6999969482422
ce02602b8e,174.39999389648438
beb9113d51,135.89999389648438
