Image_Name,Prediction
cbec53fd60,189.3000030517578
bf0da372b5,153.6999969482422
e93c99450e,175.39999389648438
457a40e5ce,161.60000610351562
59e5c814db,213.0
c9e582a25e,186.60000610351562
cfd39cfe7b,197.89999389648438
f83027cf77,196.6999969482422
7b7974e2e2,199.8000030517578
8a99e3e1a7,208.3000030517578
678b1ac6a9,185.39999389648438
b6bc382c51,117.30000305175781
055ad1dde1,173.5
d34d59ec3f,236.10000610351562
