Image_Name,Prediction
ceed3f2b6d,178.3000030517578
123dc24d89,229.6999969482422
fcd5204747,208.0
b599f11ab8,208.60000610351562
a677737911,146.3000030517578
2b132249a5,186.10000610351562
96f2786312,178.6999969482422
b9cc7739a0,202.5
613e56a68c,193.8000030517578
542ffc5f82,125.5
32c1aa1bcd,172.0
a9e89f64fa,167.8000030517578
dc241c8642,135.1999969482422
8c65178993,164.60000610351562
