Image_Name,Prediction
95167c07b6,158.1999969482422
b8592c19e3,185.3000030517578
ae0656b05d,188.10000610351562
f69b3a52a0,132.0
f6985da989,235.10000610351562
f2ac320e21,210.3000030517578
b40b58cf34,139.89999389648438
51554762ee,213.5
90104e3951,177.0
151ea4c19b,126.80000305175781
f24f9692aa,180.0
d9e7721c9d,154.89999389648438
f977f5e2a9,158.39999389648438
35cd6dfc06,217.8000030517578
