Image_Name,Prediction
0afc4cd71f,181.5
02366e76eb,168.10000610351562
fe8b41a6c8,160.39999389648438
8e1d52d735,169.8000030517578
19b3b890bc,194.0
aecc7fd81d,152.89999389648438
65758da55b,130.8000030517578
b53a958768,184.6999969482422
8015029c4e,182.8000030517578
1f5cc97a03,185.89999389648438
944581d5dd,159.5
f92f88bf1a,156.8000030517578
ce02602b8e,178.10000610351562
beb9113d51,141.8000030517578
