Image_Name,Prediction
95167c07b6,158.5
b8592c19e3,187.39999389648438
ae0656b05d,180.0
f69b3a52a0,135.1999969482422
f6985da989,219.0
f2ac320e21,213.6999969482422
b40b58cf34,140.89999389648438
51554762ee,213.5
90104e3951,178.6999969482422
151ea4c19b,133.1999969482422
f24f9692aa,183.1999969482422
d9e7721c9d,149.5
f977f5e2a9,161.6999969482422
35cd6dfc06,213.60000610351562
