Image_Name,Prediction
cbec53fd60,191.3000030517578
bf0da372b5,164.8000030517578
e93c99450e,175.39999389648438
457a40e5ce,163.3000030517578
59e5c814db,224.39999389648438
c9e582a25e,183.39999389648438
cfd39cfe7b,197.10000610351562
f83027cf77,193.5
7b7974e2e2,200.3000030517578
8a99e3e1a7,209.5
678b1ac6a9,184.10000610351562
b6bc382c51,115.19999694824219
055ad1dde1,168.10000610351562
d34d59ec3f,227.60000610351562
