Image_Name,Prediction
0afc4cd71f,176.1999969482422
02366e76eb,172.6999969482422
fe8b41a6c8,170.8000030517578
8e1d52d735,179.1999969482422
19b3b890bc,184.89999389648438
aecc7fd81d,152.3000030517578
65758da55b,136.8000030517578
b53a958768,190.89999389648438
8015029c4e,175.3000030517578
1f5cc97a03,186.39999389648438
944581d5dd,157.39999389648438
f92f88bf1a,149.10000610351562
ce02602b8e,179.5
beb9113d51,133.6999969482422
