Image_Name,Prediction
95167c07b6,160.8000030517578
b8592c19e3,186.3000030517578
ae0656b05d,180.39999389648438
f69b3a52a0,131.8000030517578
f6985da989,220.60000610351562
f2ac320e21,212.10000610351562
b40b58cf34,138.8000030517578
51554762ee,214.1999969482422
90104e3951,177.3000030517578
151ea4c19b,128.8000030517578
f24f9692aa,189.89999389648438
d9e7721c9d,153.5
f977f5e2a9,156.89999389648438
35cd6dfc06,218.60000610351562
