Image_Name,Prediction
0afc4cd71f,174.3000030517578
02366e76eb,183.1999969482422
fe8b41a6c8,167.3000030517578
8e1d52d735,177.39999389648438
19b3b890bc,198.1999969482422
aecc7fd81d,157.10000610351562
65758da55b,139.39999389648438
b53a958768,190.6999969482422
8015029c4e,177.89999389648438
1f5cc97a03,185.1999969482422
944581d5dd,151.60000610351562
f92f88bf1a,150.10000610351562
ce02602b8e,180.6999969482422
beb9113d51,133.60000610351562
