Image_Name,Prediction
cbec53fd60,185.39999389648438
bf0da372b5,160.10000610351562
e93c99450e,182.8000030517578
457a40e5ce,160.5
59e5c814db,224.60000610351562
c9e582a25e,181.5
cfd39cfe7b,198.60000610351562
f83027cf77,197.10000610351562
7b7974e2e2,201.5
8a99e3e1a7,207.3000030517578
678b1ac6a9,186.10000610351562
b6bc382c51,117.80000305175781
055ad1dde1,169.39999389648438
d34d59ec3f,225.89999389648438
