Image_Name,Prediction
81e9507bf4,180.5
0f3e346603,169.6999969482422
ff81c2c12a,175.1999969482422
ec23a741c3,213.60000610351562
15c4c27cdf,196.0
af22b9f128,226.5
e33f6ea0b3,158.5
9d207674fb,146.0
9c07a27b1c,213.5
25f200010c,190.60000610351562
adad19010f,164.39999389648438
9ac8d38126,257.29998779296875
ec41d29153,154.8000030517578
ed7304d4a2,182.5
