Image_Name,Prediction
cbec53fd60,188.1999969482422
bf0da372b5,163.1999969482422
e93c99450e,176.60000610351562
457a40e5ce,163.39999389648438
59e5c814db,221.1999969482422
c9e582a25e,182.6999969482422
cfd39cfe7b,198.39999389648438
f83027cf77,199.1999969482422
7b7974e2e2,206.39999389648438
8a99e3e1a7,207.89999389648438
678b1ac6a9,187.5
b6bc382c51,119.80000305175781
055ad1dde1,172.10000610351562
d34d59ec3f,236.10000610351562
