Image_Name,Prediction
cbec53fd60,190.89999389648438
bf0da372b5,166.39999389648438
e93c99450e,178.39999389648438
457a40e5ce,161.1999969482422
59e5c814db,219.60000610351562
c9e582a25e,187.5
cfd39cfe7b,193.5
f83027cf77,197.1999969482422
7b7974e2e2,206.0
8a99e3e1a7,211.1999969482422
678b1ac6a9,188.8000030517578
b6bc382c51,116.5999984741211
055ad1dde1,180.0
d34d59ec3f,229.1999969482422
