Image_Name,Prediction
81e9507bf4,184.0
0f3e346603,164.60000610351562
ff81c2c12a,174.8000030517578
ec23a741c3,221.39999389648438
15c4c27cdf,189.6999969482422
af22b9f128,238.39999389648438
e33f6ea0b3,158.39999389648438
9d207674fb,142.8000030517578
9c07a27b1c,218.3000030517578
25f200010c,194.10000610351562
adad19010f,164.8000030517578
9ac8d38126,261.1000061035156
ec41d29153,146.6999969482422
ed7304d4a2,183.0
