Image_Name,Prediction
95167c07b6,161.10000610351562
b8592c19e3,190.1999969482422
ae0656b05d,181.60000610351562
f69b3a52a0,132.10000610351562
f6985da989,215.60000610351562
f2ac320e21,207.89999389648438
b40b58cf34,140.8000030517578
51554762ee,213.6999969482422
90104e3951,176.1999969482422
151ea4c19b,128.3000030517578
f24f9692aa,183.8000030517578
d9e7721c9d,148.1999969482422
f977f5e2a9,161.8000030517578
35cd6dfc06,214.39999389648438
