Image_Name,Prediction
95167c07b6,160.1999969482422
b8592c19e3,193.8000030517578
ae0656b05d,182.39999389648438
f69b3a52a0,134.39999389648438
f6985da989,219.0
f2ac320e21,204.6999969482422
b40b58cf34,138.89999389648438
51554762ee,212.1999969482422
90104e3951,180.10000610351562
151ea4c19b,127.19999694824219
f24f9692aa,190.0
d9e7721c9d,157.3000030517578
f977f5e2a9,158.8000030517578
35cd6dfc06,213.8000030517578
