Image_Name,Prediction
ceed3f2b6d,183.89999389648438
123dc24d89,228.1999969482422
fcd5204747,204.0
b599f11ab8,211.60000610351562
a677737911,148.3000030517578
2b132249a5,190.8000030517578
96f2786312,176.6999969482422
b9cc7739a0,198.5
613e56a68c,191.5
542ffc5f82,123.69999694824219
32c1aa1bcd,167.8000030517578
a9e89f64fa,167.6999969482422
dc241c8642,134.8000030517578
8c65178993,167.6999969482422
