Image_Name,Prediction
0afc4cd71f,180.3000030517578
02366e76eb,184.10000610351562
fe8b41a6c8,167.5
8e1d52d735,174.1999969482422
19b3b890bc,187.6999969482422
aecc7fd81d,153.6999969482422
65758da55b,139.6999969482422
b53a958768,198.3000030517578
8015029c4e,183.10000610351562
1f5cc97a03,186.60000610351562
944581d5dd,158.39999389648438
f92f88bf1a,147.1999969482422
ce02602b8e,183.5
beb9113d51,134.3000030517578
