Image_Name,Prediction
ceed3f2b6d,181.1999969482422
123dc24d89,228.10000610351562
fcd5204747,209.6999969482422
b599f11ab8,213.5
a677737911,147.1999969482422
2b132249a5,188.10000610351562
96f2786312,177.60000610351562
b9cc7739a0,201.0
613e56a68c,192.0
542ffc5f82,121.69999694824219
32c1aa1bcd,171.8000030517578
a9e89f64fa,170.10000610351562
dc241c8642,138.0
8c65178993,164.39999389648438
