Image_Name,Prediction
cbec53fd60,190.0
bf0da372b5,156.5
e93c99450e,175.60000610351562
457a40e5ce,156.39999389648438
59e5c814db,207.3000030517578
c9e582a25e,184.5
cfd39cfe7b,195.6999969482422
f83027cf77,191.10000610351562
7b7974e2e2,201.6999969482422
8a99e3e1a7,208.5
678b1ac6a9,187.5
b6bc382c51,125.19999694824219
055ad1dde1,174.89999389648438
d34d59ec3f,216.6999969482422
