Image_Name,Prediction
cbec53fd60,186.0
bf0da372b5,164.5
e93c99450e,175.60000610351562
457a40e5ce,155.6999969482422
59e5c814db,224.3000030517578
c9e582a25e,182.6999969482422
cfd39cfe7b,199.89999389648438
f83027cf77,199.8000030517578
7b7974e2e2,196.0
8a99e3e1a7,200.0
678b1ac6a9,188.3000030517578
b6bc382c51,126.4000015258789
055ad1dde1,172.1999969482422
d34d59ec3f,225.10000610351562
