Image_Name,Prediction
81e9507bf4,191.6999969482422
0f3e346603,167.5
ff81c2c12a,176.3000030517578
ec23a741c3,227.89999389648438
15c4c27cdf,192.5
af22b9f128,234.5
e33f6ea0b3,153.6999969482422
9d207674fb,137.5
9c07a27b1c,218.0
25f200010c,181.10000610351562
adad19010f,163.8000030517578
9ac8d38126,270.1000061035156
ec41d29153,145.6999969482422
ed7304d4a2,184.6999969482422
