Image_Name,Prediction
ceed3f2b6d,176.8000030517578
123dc24d89,224.39999389648438
fcd5204747,204.39999389648438
b599f11ab8,211.39999389648438
a677737911,144.0
2b132249a5,183.39999389648438
96f2786312,179.0
b9cc7739a0,203.1999969482422
613e56a68c,189.1999969482422
542ffc5f82,126.30000305175781
32c1aa1bcd,167.8000030517578
a9e89f64fa,164.6999969482422
dc241c8642,133.3000030517578
8c65178993,163.10000610351562
