Image_Name,Prediction
0afc4cd71f,174.10000610351562
02366e76eb,164.6999969482422
fe8b41a6c8,164.89999389648438
8e1d52d735,169.1999969482422
19b3b890bc,184.10000610351562
aecc7fd81d,148.89999389648438
65758da55b,137.89999389648438
b53a958768,191.1999969482422
8015029c4e,179.10000610351562
1f5cc97a03,184.1999969482422
944581d5dd,159.5
f92f88bf1a,158.60000610351562
ce02602b8e,178.8000030517578
beb9113d51,142.5
