Image_Name,Prediction
cbec53fd60,184.89999389648438
bf0da372b5,153.5
e93c99450e,181.39999389648438
457a40e5ce,160.10000610351562
59e5c814db,221.89999389648438
c9e582a25e,189.10000610351562
cfd39cfe7b,193.39999389648438
f83027cf77,191.10000610351562
7b7974e2e2,196.6999969482422
8a99e3e1a7,208.8000030517578
678b1ac6a9,188.0
b6bc382c51,120.0999984741211
055ad1dde1,169.0
d34d59ec3f,226.60000610351562
