Image_Name,Prediction
ceed3f2b6d,181.3000030517578
123dc24d89,229.8000030517578
fcd5204747,207.0
b599f11ab8,220.3000030517578
a677737911,143.89999389648438
2b132249a5,185.5
96f2786312,177.39999389648438
b9cc7739a0,198.6999969482422
613e56a68c,194.5
542ffc5f82,124.0
32c1aa1bcd,168.1999969482422
a9e89f64fa,167.60000610351562
dc241c8642,134.89999389648438
8c65178993,166.1999969482422
