Image_Name,Prediction
81e9507bf4,182.0
0f3e346603,166.0
ff81c2c12a,176.1999969482422
ec23a741c3,219.89999389648438
15c4c27cdf,192.8000030517578
af22b9f128,228.6999969482422
e33f6ea0b3,159.39999389648438
9d207674fb,143.1999969482422
9c07a27b1c,215.5
25f200010c,192.10000610351562
adad19010f,165.0
9ac8d38126,257.70001220703125
ec41d29153,150.39999389648438
ed7304d4a2,177.39999389648438
