Image_Name,Prediction
ceed3f2b6d,178.5
123dc24d89,226.1999969482422
fcd5204747,204.6999969482422
b599f11ab8,212.60000610351562
a677737911,148.39999389648438
2b132249a5,185.39999389648438
96f2786312,178.0
b9cc7739a0,200.3000030517578
613e56a68c,191.6999969482422
542ffc5f82,129.3000030517578
32c1aa1bcd,173.5
a9e89f64fa,168.8000030517578
dc241c8642,133.60000610351562
8c65178993,168.5
