Image_Name,Prediction
0afc4cd71f,185.8000030517578
02366e76eb,172.5
fe8b41a6c8,155.10000610351562
8e1d52d735,172.10000610351562
19b3b890bc,181.0
aecc7fd81d,153.3000030517578
65758da55b,130.39999389648438
b53a958768,191.3000030517578
8015029c4e,186.60000610351562
1f5cc97a03,188.5
944581d5dd,161.60000610351562
f92f88bf1a,153.5
ce02602b8e,184.89999389648438
beb9113d51,140.89999389648438
