Image_Name,Prediction
95167c07b6,162.1999969482422
b8592c19e3,190.8000030517578
ae0656b05d,185.3000030517578
f69b3a52a0,130.89999389648438
f6985da989,221.8000030517578
f2ac320e21,207.89999389648438
b40b58cf34,138.39999389648438
51554762ee,215.3000030517578
90104e3951,176.0
151ea4c19b,128.0
f24f9692aa,194.8000030517578
d9e7721c9d,151.6999969482422
f977f5e2a9,162.5
35cd6dfc06,220.3000030517578
