Image_Name,Prediction
0afc4cd71f,179.89999389648438
02366e76eb,164.60000610351562
fe8b41a6c8,160.60000610351562
8e1d52d735,171.39999389648438
19b3b890bc,188.3000030517578
aecc7fd81d,146.60000610351562
65758da55b,135.10000610351562
b53a958768,188.3000030517578
8015029c4e,182.39999389648438
1f5cc97a03,185.1999969482422
944581d5dd,163.0
f92f88bf1a,156.39999389648438
ce02602b8e,182.6999969482422
beb9113d51,142.3000030517578
