Image_Name,Prediction
ceed3f2b6d,178.0
123dc24d89,229.8000030517578
fcd5204747,205.39999389648438
b599f11ab8,212.6999969482422
a677737911,145.8000030517578
2b132249a5,184.5
96f2786312,179.3000030517578
b9cc7739a0,199.60000610351562
613e56a68c,191.89999389648438
542ffc5f82,126.5
32c1aa1bcd,169.5
a9e89f64fa,169.89999389648438
dc241c8642,133.3000030517578
8c65178993,165.89999389648438
