Image_Name,Prediction
ceed3f2b6d,179.1999969482422
123dc24d89,229.0
fcd5204747,207.0
b599f11ab8,209.10000610351562
a677737911,146.10000610351562
2b132249a5,189.0
96f2786312,179.60000610351562
b9cc7739a0,200.8000030517578
613e56a68c,192.5
542ffc5f82,128.1999969482422
32c1aa1bcd,170.60000610351562
a9e89f64fa,165.5
dc241c8642,134.60000610351562
8c65178993,168.0
