Image_Name,Prediction
81e9507bf4,182.6999969482422
0f3e346603,168.89999389648438
ff81c2c12a,179.8000030517578
ec23a741c3,215.3000030517578
15c4c27cdf,191.6999969482422
af22b9f128,231.6999969482422
e33f6ea0b3,152.60000610351562
9d207674fb,143.39999389648438
9c07a27b1c,221.0
25f200010c,185.60000610351562
adad19010f,167.60000610351562
9ac8d38126,258.5
ec41d29153,153.5
ed7304d4a2,176.5
