Image_Name,Prediction
ceed3f2b6d,182.8000030517578
123dc24d89,233.60000610351562
fcd5204747,206.0
b599f11ab8,212.3000030517578
a677737911,145.6999969482422
2b132249a5,190.39999389648438
96f2786312,177.3000030517578
b9cc7739a0,200.39999389648438
613e56a68c,190.1999969482422
542ffc5f82,124.19999694824219
32c1aa1bcd,171.1999969482422
a9e89f64fa,167.3000030517578
dc241c8642,135.39999389648438
8c65178993,164.5
