Image_Name,Prediction
0afc4cd71f,178.6999969482422
02366e76eb,173.39999389648438
fe8b41a6c8,168.3000030517578
8e1d52d735,174.3000030517578
19b3b890bc,180.8000030517578
aecc7fd81d,153.89999389648438
65758da55b,141.0
b53a958768,193.5
8015029c4e,178.89999389648438
1f5cc97a03,186.60000610351562
944581d5dd,161.39999389648438
f92f88bf1a,151.6999969482422
ce02602b8e,179.6999969482422
beb9113d51,135.8000030517578
