Image_Name,Prediction
81e9507bf4,187.3000030517578
0f3e346603,165.60000610351562
ff81c2c12a,171.60000610351562
ec23a741c3,218.3000030517578
15c4c27cdf,188.39999389648438
af22b9f128,234.60000610351562
e33f6ea0b3,156.0
9d207674fb,137.6999969482422
9c07a27b1c,213.1999969482422
25f200010c,194.39999389648438
adad19010f,164.1999969482422
9ac8d38126,259.0
ec41d29153,145.3000030517578
ed7304d4a2,187.1999969482422
